{
  "version": 3,
  "name": "AppBar",
  "data": [
    {
      "visibility": "public",
      "description": null,
      "keywords": [],
      "name": "class",
      "kind": "const",
      "static": false,
      "readonly": true,
      "type": {
        "kind": "type",
        "text": "string",
        "type": "string"
      },
      "localName": "klass"
    },
    {
      "visibility": "public",
      "description": null,
      "keywords": [],
      "name": "height",
      "kind": "let",
      "static": false,
      "readonly": false,
      "type": {
        "kind": "type",
        "text": "string",
        "type": "string"
      },
      "defaultValue": "56px"
    },
    {
      "visibility": "public",
      "description": null,
      "keywords": [],
      "name": "tile",
      "kind": "let",
      "static": false,
      "readonly": false,
      "type": {
        "kind": "type",
        "text": "boolean",
        "type": "boolean"
      },
      "defaultValue": false
    },
    {
      "visibility": "public",
      "description": null,
      "keywords": [],
      "name": "flat",
      "kind": "let",
      "static": false,
      "readonly": false,
      "type": {
        "kind": "type",
        "text": "boolean",
        "type": "boolean"
      },
      "defaultValue": false
    },
    {
      "visibility": "public",
      "description": null,
      "keywords": [],
      "name": "dense",
      "kind": "let",
      "static": false,
      "readonly": false,
      "type": {
        "kind": "type",
        "text": "boolean",
        "type": "boolean"
      },
      "defaultValue": false
    },
    {
      "visibility": "public",
      "description": null,
      "keywords": [],
      "name": "prominent",
      "kind": "let",
      "static": false,
      "readonly": false,
      "type": {
        "kind": "type",
        "text": "boolean",
        "type": "boolean"
      },
      "defaultValue": false
    },
    {
      "visibility": "public",
      "description": null,
      "keywords": [],
      "name": "fixed",
      "kind": "let",
      "static": false,
      "readonly": false,
      "type": {
        "kind": "type",
        "text": "boolean",
        "type": "boolean"
      },
      "defaultValue": false
    },
    {
      "visibility": "public",
      "description": null,
      "keywords": [],
      "name": "absolute",
      "kind": "let",
      "static": false,
      "readonly": false,
      "type": {
        "kind": "type",
        "text": "boolean",
        "type": "boolean"
      },
      "defaultValue": false
    },
    {
      "visibility": "public",
      "description": null,
      "keywords": [],
      "name": "collapsed",
      "kind": "let",
      "static": false,
      "readonly": false,
      "type": {
        "kind": "type",
        "text": "boolean",
        "type": "boolean"
      },
      "defaultValue": false
    },
    {
      "visibility": "public",
      "description": null,
      "keywords": [],
      "name": "style",
      "kind": "let",
      "static": false,
      "readonly": false,
      "type": {
        "kind": "type",
        "text": "string",
        "type": "string"
      },
      "defaultValue": ""
    }
  ],
  "computed": [],
  "methods": [],
  "components": [],
  "description": null,
  "keywords": [],
  "events": [],
  "slots": [
    {
      "name": "icon",
      "description": null,
      "visibility": "public",
      "parameters": []
    },
    {
      "name": "title",
      "description": null,
      "visibility": "public",
      "parameters": []
    },
    {
      "name": "default",
      "description": null,
      "visibility": "public",
      "parameters": []
    },
    {
      "name": "extension",
      "description": null,
      "visibility": "public",
      "parameters": []
    }
  ],
  "refs": []
}
