{
  "version": 3,
  "name": "Breadcrumbs",
  "data": [
    {
      "visibility": "public",
      "description": null,
      "keywords": [],
      "name": "class",
      "kind": "const",
      "static": false,
      "readonly": true,
      "type": {
        "kind": "type",
        "text": "string",
        "type": "string"
      },
      "localName": "klass"
    },
    {
      "visibility": "public",
      "description": null,
      "keywords": [],
      "name": "large",
      "kind": "let",
      "static": false,
      "readonly": false,
      "type": {
        "kind": "type",
        "text": "boolean",
        "type": "boolean"
      },
      "defaultValue": false
    },
    {
      "visibility": "public",
      "description": null,
      "keywords": [],
      "name": "items",
      "kind": "let",
      "static": false,
      "readonly": false,
      "type": {
        "kind": "type",
        "text": "any",
        "type": "any"
      }
    },
    {
      "visibility": "public",
      "description": null,
      "keywords": [],
      "name": "style",
      "kind": "let",
      "static": false,
      "readonly": false,
      "type": {
        "kind": "type",
        "text": "object",
        "type": "object"
      },
      "defaultValue": null
    }
  ],
  "computed": [],
  "methods": [],
  "components": [],
  "description": null,
  "keywords": [],
  "events": [],
  "slots": [
    {
      "name": "divider",
      "description": "The slot used for divider",
      "visibility": "public",
      "parameters": []
    },
    {
      "name": "default",
      "description": null,
      "visibility": "public",
      "parameters": [
        {
          "name": "{item}",
          "visibility": "public"
        }
      ]
    }
  ],
  "refs": []
}
