{
  "version": 3,
  "name": "ExpansionPanel",
  "data": [
    {
      "visibility": "public",
      "description": "Classes to add to the panel.",
      "keywords": [],
      "name": "class",
      "kind": "const",
      "static": false,
      "readonly": true,
      "type": {
        "kind": "type",
        "text": "string",
        "type": "string"
      },
      "localName": "klass"
    },
    {
      "keywords": [],
      "visibility": "public",
      "description": "Options for the slide transition.",
      "name": "slideOpts",
      "kind": "let",
      "static": false,
      "readonly": false,
      "type": {
        "kind": "type",
        "text": "any",
        "type": "any"
      }
    },
    {
      "keywords": [],
      "visibility": "public",
      "description": "Make the panel readonly.",
      "name": "readonly",
      "kind": "let",
      "static": false,
      "readonly": false,
      "type": {
        "kind": "type",
        "text": "boolean",
        "type": "boolean"
      },
      "defaultValue": false
    },
    {
      "keywords": [],
      "visibility": "public",
      "description": "Disable the panel.",
      "name": "disabled",
      "kind": "let",
      "static": false,
      "readonly": false,
      "type": {
        "kind": "type",
        "text": "boolean",
        "type": "boolean"
      },
      "defaultValue": false
    },
    {
      "keywords": [],
      "visibility": "public",
      "description": "Styles to add to the panel.",
      "name": "style",
      "kind": "let",
      "static": false,
      "readonly": false,
      "type": {
        "kind": "type",
        "text": "object",
        "type": "object"
      },
      "defaultValue": null
    }
  ],
  "computed": [],
  "methods": [],
  "components": [],
  "description": null,
  "keywords": [],
  "events": [
    {
      "name": "introstart",
      "parent": "div",
      "modificators": [],
      "locations": null,
      "loc": null,
      "visibility": "public",
      "description": "",
      "keywords": []
    },
    {
      "name": "outrostart",
      "parent": "div",
      "modificators": [],
      "locations": null,
      "loc": null,
      "visibility": "public",
      "description": "",
      "keywords": []
    },
    {
      "name": "introend",
      "parent": "div",
      "modificators": [],
      "locations": null,
      "loc": null,
      "visibility": "public",
      "description": "",
      "keywords": []
    },
    {
      "name": "outroend",
      "parent": "div",
      "modificators": [],
      "locations": null,
      "loc": null,
      "visibility": "public",
      "description": "",
      "keywords": []
    }
  ],
  "slots": [
    {
      "name": "header",
      "description": "Slot for the title of panel.",
      "visibility": "public",
      "parameters": []
    },
    {
      "name": "icon",
      "description": "Slot for the icon at the right of the header.",
      "visibility": "public",
      "parameters": [
        {
          "name": "{active}",
          "visibility": "public"
        }
      ]
    },
    {
      "name": "default",
      "description": null,
      "visibility": "public",
      "parameters": []
    }
  ],
  "refs": []
}
