{
  "version": 3,
  "name": "ListItemGroup",
  "data": [
    {
      "visibility": "public",
      "description": null,
      "keywords": [],
      "name": "class",
      "kind": "const",
      "static": false,
      "readonly": true,
      "type": {
        "kind": "type",
        "text": "string",
        "type": "string"
      },
      "localName": "klass"
    },
    {
      "visibility": "public",
      "description": null,
      "keywords": [],
      "name": "value",
      "kind": "let",
      "static": false,
      "readonly": false,
      "type": {
        "kind": "type",
        "text": "any",
        "type": "any"
      },
      "bind": [
        {
          "source": "ItemGroup",
          "property": "value"
        }
      ]
    },
    {
      "visibility": "public",
      "description": null,
      "keywords": [],
      "name": "activeClass",
      "kind": "let",
      "static": false,
      "readonly": false,
      "type": {
        "kind": "type",
        "text": "string",
        "type": "string"
      },
      "defaultValue": "active"
    },
    {
      "visibility": "public",
      "description": null,
      "keywords": [],
      "name": "multiple",
      "kind": "let",
      "static": false,
      "readonly": false,
      "type": {
        "kind": "type",
        "text": "boolean",
        "type": "boolean"
      },
      "defaultValue": false
    },
    {
      "visibility": "public",
      "description": null,
      "keywords": [],
      "name": "mandatory",
      "kind": "let",
      "static": false,
      "readonly": false,
      "type": {
        "kind": "type",
        "text": "boolean",
        "type": "boolean"
      },
      "defaultValue": false
    },
    {
      "visibility": "public",
      "description": null,
      "keywords": [],
      "name": "max",
      "kind": "let",
      "static": false,
      "readonly": false,
      "type": {
        "kind": "type",
        "text": "any",
        "type": "any"
      }
    },
    {
      "visibility": "public",
      "description": null,
      "keywords": [],
      "name": "style",
      "kind": "let",
      "static": false,
      "readonly": false,
      "type": {
        "kind": "type",
        "text": "object",
        "type": "object"
      },
      "defaultValue": null
    }
  ],
  "computed": [],
  "methods": [],
  "components": [],
  "description": null,
  "keywords": [],
  "events": [],
  "slots": [
    {
      "name": "default",
      "description": null,
      "visibility": "public",
      "parameters": []
    }
  ],
  "refs": []
}
