{
  "version": 3,
  "name": "ListGroup",
  "data": [
    {
      "visibility": "public",
      "description": null,
      "keywords": [],
      "name": "class",
      "kind": "const",
      "static": false,
      "readonly": true,
      "type": {
        "kind": "type",
        "text": "string",
        "type": "string"
      },
      "localName": "klass"
    },
    {
      "visibility": "public",
      "description": null,
      "keywords": [],
      "name": "activatorClass",
      "kind": "let",
      "static": false,
      "readonly": false,
      "type": {
        "kind": "type",
        "text": "string",
        "type": "string"
      },
      "defaultValue": ""
    },
    {
      "visibility": "public",
      "description": null,
      "keywords": [],
      "name": "activatorProps",
      "kind": "let",
      "static": false,
      "readonly": false,
      "type": {
        "kind": "type",
        "text": "any",
        "type": "any"
      }
    },
    {
      "visibility": "public",
      "description": null,
      "keywords": [],
      "name": "active",
      "kind": "let",
      "static": false,
      "readonly": false,
      "type": {
        "kind": "type",
        "text": "boolean",
        "type": "boolean"
      },
      "defaultValue": true
    },
    {
      "visibility": "public",
      "description": null,
      "keywords": [],
      "name": "eager",
      "kind": "let",
      "static": false,
      "readonly": false,
      "type": {
        "kind": "type",
        "text": "boolean",
        "type": "boolean"
      },
      "defaultValue": false
    },
    {
      "visibility": "public",
      "description": null,
      "keywords": [],
      "name": "transition",
      "kind": "let",
      "static": false,
      "readonly": false,
      "type": {
        "kind": "type",
        "text": "any",
        "type": "any"
      }
    },
    {
      "visibility": "public",
      "description": null,
      "keywords": [],
      "name": "transitionOpts",
      "kind": "let",
      "static": false,
      "readonly": false,
      "type": {
        "kind": "type",
        "text": "any",
        "type": "any"
      }
    },
    {
      "visibility": "public",
      "description": null,
      "keywords": [],
      "name": "offset",
      "kind": "let",
      "static": false,
      "readonly": false,
      "type": {
        "kind": "type",
        "text": "object",
        "type": "object"
      },
      "defaultValue": null
    },
    {
      "visibility": "public",
      "description": null,
      "keywords": [],
      "name": "disabled",
      "kind": "let",
      "static": false,
      "readonly": false,
      "type": {
        "kind": "type",
        "text": "object",
        "type": "object"
      },
      "defaultValue": null
    },
    {
      "visibility": "public",
      "description": null,
      "keywords": [],
      "name": "ripple",
      "kind": "let",
      "static": false,
      "readonly": false,
      "type": {
        "kind": "type",
        "text": "any",
        "type": "any"
      }
    },
    {
      "visibility": "public",
      "description": null,
      "keywords": [],
      "name": "style",
      "kind": "let",
      "static": false,
      "readonly": false,
      "type": {
        "kind": "type",
        "text": "object",
        "type": "object"
      },
      "defaultValue": null
    }
  ],
  "computed": [],
  "methods": [],
  "components": [],
  "description": null,
  "keywords": [],
  "events": [
    {
      "name": "introstart",
      "parent": "div",
      "modificators": [],
      "locations": null,
      "loc": null,
      "visibility": "public",
      "description": "",
      "keywords": []
    },
    {
      "name": "outrostart",
      "parent": "div",
      "modificators": [],
      "locations": null,
      "loc": null,
      "visibility": "public",
      "description": "",
      "keywords": []
    },
    {
      "name": "introend",
      "parent": "div",
      "modificators": [],
      "locations": null,
      "loc": null,
      "visibility": "public",
      "description": "",
      "keywords": []
    },
    {
      "name": "outroend",
      "parent": "div",
      "modificators": [],
      "locations": null,
      "loc": null,
      "visibility": "public",
      "description": "",
      "keywords": []
    }
  ],
  "slots": [
    {
      "name": "prepend",
      "description": null,
      "visibility": "public",
      "parameters": [
        {
          "name": "slot",
          "visibility": "public"
        }
      ]
    },
    {
      "name": "activator",
      "description": null,
      "visibility": "public",
      "parameters": []
    },
    {
      "name": "append",
      "description": null,
      "visibility": "public",
      "parameters": [
        {
          "name": "slot",
          "visibility": "public"
        }
      ]
    },
    {
      "name": "default",
      "description": null,
      "visibility": "public",
      "parameters": []
    }
  ],
  "refs": []
}
