{
  "version": 3,
  "name": "Tabs",
  "data": [
    {
      "visibility": "public",
      "description": null,
      "keywords": [],
      "name": "TABS",
      "kind": "const",
      "static": false,
      "readonly": true,
      "type": {
        "kind": "type",
        "text": "any",
        "type": "any"
      }
    },
    {
      "visibility": "public",
      "description": null,
      "keywords": [],
      "name": "class",
      "kind": "const",
      "static": false,
      "readonly": true,
      "type": {
        "kind": "type",
        "text": "string",
        "type": "string"
      },
      "localName": "klass"
    },
    {
      "visibility": "public",
      "description": null,
      "keywords": [],
      "name": "value",
      "kind": "let",
      "static": false,
      "readonly": false,
      "type": {
        "kind": "type",
        "text": "number",
        "type": "number"
      },
      "defaultValue": 0,
      "bind": [
        {
          "source": "SlideGroup",
          "property": "value"
        }
      ]
    },
    {
      "visibility": "public",
      "description": null,
      "keywords": [],
      "name": "centerActive",
      "kind": "let",
      "static": false,
      "readonly": false,
      "type": {
        "kind": "type",
        "text": "boolean",
        "type": "boolean"
      },
      "defaultValue": false
    },
    {
      "visibility": "public",
      "description": null,
      "keywords": [],
      "name": "showArrows",
      "kind": "let",
      "static": false,
      "readonly": false,
      "type": {
        "kind": "type",
        "text": "boolean",
        "type": "boolean"
      },
      "defaultValue": true
    },
    {
      "visibility": "public",
      "description": null,
      "keywords": [],
      "name": "fixedTabs",
      "kind": "let",
      "static": false,
      "readonly": false,
      "type": {
        "kind": "type",
        "text": "boolean",
        "type": "boolean"
      },
      "defaultValue": false
    },
    {
      "visibility": "public",
      "description": null,
      "keywords": [],
      "name": "grow",
      "kind": "let",
      "static": false,
      "readonly": false,
      "type": {
        "kind": "type",
        "text": "boolean",
        "type": "boolean"
      },
      "defaultValue": false
    },
    {
      "visibility": "public",
      "description": null,
      "keywords": [],
      "name": "centered",
      "kind": "let",
      "static": false,
      "readonly": false,
      "type": {
        "kind": "type",
        "text": "boolean",
        "type": "boolean"
      },
      "defaultValue": false
    },
    {
      "visibility": "public",
      "description": null,
      "keywords": [],
      "name": "right",
      "kind": "let",
      "static": false,
      "readonly": false,
      "type": {
        "kind": "type",
        "text": "boolean",
        "type": "boolean"
      },
      "defaultValue": false
    },
    {
      "visibility": "public",
      "description": null,
      "keywords": [],
      "name": "icons",
      "kind": "let",
      "static": false,
      "readonly": false,
      "type": {
        "kind": "type",
        "text": "boolean",
        "type": "boolean"
      },
      "defaultValue": false
    },
    {
      "visibility": "public",
      "description": null,
      "keywords": [],
      "name": "slider",
      "kind": "let",
      "static": false,
      "readonly": false,
      "type": {
        "kind": "type",
        "text": "boolean",
        "type": "boolean"
      },
      "defaultValue": true
    },
    {
      "visibility": "public",
      "description": null,
      "keywords": [],
      "name": "sliderClass",
      "kind": "let",
      "static": false,
      "readonly": false,
      "type": {
        "kind": "type",
        "text": "string",
        "type": "string"
      },
      "defaultValue": ""
    },
    {
      "visibility": "public",
      "description": null,
      "keywords": [],
      "name": "ripple",
      "kind": "let",
      "static": false,
      "readonly": false,
      "type": {
        "kind": "type",
        "text": "any",
        "type": "any"
      }
    },
    {
      "visibility": "public",
      "description": null,
      "keywords": [],
      "name": "vertical",
      "kind": "let",
      "static": false,
      "readonly": false,
      "type": {
        "kind": "type",
        "text": "boolean",
        "type": "boolean"
      },
      "defaultValue": false
    }
  ],
  "computed": [],
  "methods": [],
  "components": [],
  "description": null,
  "keywords": [],
  "events": [
    {
      "name": "change",
      "parent": "SlideGroup",
      "modificators": [],
      "locations": null,
      "loc": null,
      "visibility": "public",
      "description": "",
      "keywords": []
    }
  ],
  "slots": [
    {
      "name": "tabs",
      "description": null,
      "visibility": "public",
      "parameters": []
    },
    {
      "name": "default",
      "description": null,
      "visibility": "public",
      "parameters": []
    }
  ],
  "refs": []
}
