{
  "version": 3,
  "name": "Window",
  "data": [
    {
      "visibility": "public",
      "description": null,
      "keywords": [],
      "name": "WINDOW",
      "kind": "const",
      "static": false,
      "readonly": true,
      "type": {
        "kind": "type",
        "text": "any",
        "type": "any"
      }
    },
    {
      "visibility": "public",
      "description": null,
      "keywords": [],
      "name": "class",
      "kind": "const",
      "static": false,
      "readonly": true,
      "type": {
        "kind": "type",
        "text": "string",
        "type": "string"
      },
      "localName": "klass"
    },
    {
      "visibility": "public",
      "description": null,
      "keywords": [],
      "name": "activeClass",
      "kind": "let",
      "static": false,
      "readonly": false,
      "type": {
        "kind": "type",
        "text": "string",
        "type": "string"
      },
      "defaultValue": "active"
    },
    {
      "visibility": "public",
      "description": null,
      "keywords": [],
      "name": "value",
      "kind": "let",
      "static": false,
      "readonly": false,
      "type": {
        "kind": "type",
        "text": "number",
        "type": "number"
      },
      "defaultValue": 0
    },
    {
      "visibility": "public",
      "description": null,
      "keywords": [],
      "name": "vertical",
      "kind": "let",
      "static": false,
      "readonly": false,
      "type": {
        "kind": "type",
        "text": "boolean",
        "type": "boolean"
      },
      "defaultValue": false
    },
    {
      "visibility": "public",
      "description": null,
      "keywords": [],
      "name": "reverse",
      "kind": "let",
      "static": false,
      "readonly": false,
      "type": {
        "kind": "type",
        "text": "boolean",
        "type": "boolean"
      },
      "defaultValue": false
    },
    {
      "visibility": "public",
      "description": null,
      "keywords": [],
      "name": "continuous",
      "kind": "let",
      "static": false,
      "readonly": false,
      "type": {
        "kind": "type",
        "text": "boolean",
        "type": "boolean"
      },
      "defaultValue": true
    }
  ],
  "computed": [],
  "methods": [
    {
      "visibility": "public",
      "description": null,
      "keywords": [],
      "name": "set",
      "args": [
        {
          "name": "index"
        }
      ],
      "static": false
    },
    {
      "visibility": "public",
      "description": null,
      "keywords": [],
      "name": "next",
      "args": [],
      "static": false
    },
    {
      "visibility": "public",
      "description": null,
      "keywords": [],
      "name": "previous",
      "args": [],
      "static": false
    }
  ],
  "components": [],
  "description": null,
  "keywords": [],
  "events": [],
  "slots": [
    {
      "name": "default",
      "description": null,
      "visibility": "public",
      "parameters": []
    }
  ],
  "refs": []
}
